"Date","Bitcoin_Price","Gold_Price","Bitcoin_Weekly_Return","Gold_Weekly_Return","Bitcoin_Cumulative_Return","Gold_Cumulative_Return"
2015-05-01,235.97,113.08,0,0,0,0
2015-05-08,228.99,113.97,-2.95800313599186,0.787053413512551,-2.95800313599186,0.787053413512552
2015-05-15,237.1,117.53,3.54163937289838,3.12362902518206,0.478874433190654,3.93526706756278
2015-05-22,234.11,115.6,-1.26107127794178,-1.64213392325364,-0.788235792685498,2.22851078882206
2015-05-29,236.44,114.1,0.99525863910126,-1.29757785467128,0.199177861592574,0.902016271666056
2015-06-05,225.4,112.24,-4.6692607003891,-1.63014899211218,-4.47938297241176,-0.742836929607364
2015-06-12,229.03,113.23,1.61047027506656,0.882038488952253,-2.94105182862228,0.132649451715579
2015-06-19,247.45,115.12,8.04261450465005,1.66916894815861,4.86502521506974,1.80403254333214
2015-06-26,242.08,112.56,-2.17013538088502,-2.22376650451703,2.5893122007035,-0.459851432614101
2015-07-03,257.78,111.76,6.48545935228022,-0.710732054015628,9.24270034326398,-1.1673151750973
2015-07-10,269,111.49,4.35254868492514,-0.241589119541885,13.9975420604314,-1.40608418818539
2015-07-17,285.66,108.65,6.19330855018587,-2.54731366041796,21.0577615798619,-3.91758047400072
2015-07-24,276.59,105.35,-3.17510326962125,-3.03727565577544,17.2140526338094,-6.83586841174392
2015-07-31,290.2,104.93,4.92064065945985,-0.398671096345504,22.9817349663093,-7.20728687654758
2015-08-07,277.08,104.65,-4.5210199862164,-0.266844563042035,17.4217061490867,-7.45489918641672
2015-08-14,267.53,106.85,-3.44665800490833,2.10224558050645,13.3745815145993,-5.50937389458792
2015-08-21,235.31,111.13,-12.043509139162,4.00561534861956,-0.27969657159808,-1.72444287230282
2015-08-28,225.04,108.7,-4.36445539926056,-2.18662827319355,-4.63194473873799,-3.87336399009553
2015-09-04,227.24,107.49,0.977603981514408,-1.11315547378106,-3.69962283341103,-4.94340290060137
2015-09-11,238.3,106.16,4.8671008625242,-1.23732440226998,0.987413654278086,-6.11956137247969
2015-09-18,232.17,109.21,-2.57238774653799,2.87302185380558,-1.6103742001102,-3.42235585426249
2015-09-25,229.42,109.81,-1.18447689193264,0.549400238073439,-2.77577658176888,-2.89175804740009
2015-10-02,238.03,108.99,3.7529422020748,-0.746744376650588,0.872992329533389,-3.61690838344538
2015-10-09,243.01,110.87,2.092173255472,1.72492889255895,2.98343009704622,-1.95436858860985
2015-10-16,254.5,112.49,4.72820048557674,1.46117074050689,7.85269313895833,-0.521754510081394
2015-10-23,267.97,111.5,5.29273084479371,-0.880078229175918,13.5610458956647,-1.39724089140434
2015-10-30,314.81,109.3,17.4795686084263,-1.97309417040359,33.4110268254439,-3.34276618323314
2015-11-06,408,104.1,29.6019821479623,-4.75754803293688,72.9033351697249,-7.94128050937393
2015-11-13,340.81,103.56,-16.468137254902,-0.518731988472609,44.4293766156715,-8.41881853555007
2015-11-20,333.66,103.09,-2.09794313547137,-0.453843182696023,41.3993304233589,-8.83445348425896
2015-11-27,356.33,101.25,6.7943415452856,-1.78484819090116,51.0064838750688,-10.4616200919703
2015-12-04,359.08,104.02,0.771756517834588,2.73580246913581,52.1718862567275,-8.01202688362224
2015-12-11,415.15,103.11,15.6149047566002,-0.874831763122474,75.9333813620375,-8.81676689069687
2015-12-18,455.47,102.04,9.71215223413224,-1.03772669964115,93.020299190575,-9.76299964626813
2015-12-25,456,103.05,0.116363317013191,0.989807918463348,93.2449040132219,-8.86982667138309
2016-01-01,428.23,101.46,-6.08991228070175,-1.5429403202329,81.4764588718904,-10.2759108595685
2016-01-08,458.66,105.68,7.10599444223898,4.15927459097183,94.3721659532991,-6.54403961796957
2016-01-15,432.63,104.08,-5.67522783761393,-1.51400454201364,83.3411026825443,-7.95896710293597
2016-01-22,409.62,105,-5.31863254975383,0.883935434281313,73.5898631181929,-7.14538379908031
2016-01-29,394.36,106.9492,-3.7254040330062,1.85638095238096,67.1229393566978,-5.42164839051999
2016-02-05,388,112.32,-1.6127396287656,5.02182344514965,64.4276814849344,-0.672090555359034
2016-02-12,379.14,118.36,-2.28350515463918,5.37749287749287,60.6729669025723,4.66926070038909
2016-02-19,420.53,117.58,10.9168117318141,-0.659006421088204,78.2133322032461,3.97948355146798
2016-02-26,423.79,117.11,0.775212232183198,-0.399727844871578,79.5948637538669,3.56384860275909
2016-03-04,420.06,120.54,-0.880152905920384,2.92887029288704,78.0141543416535,6.59709939865583
2016-03-11,412.84,119.41,-1.71880207589392,-0.937448149991715,74.9544433614442,5.5978068623983
2016-03-18,418.49,119.8,1.3685689371185,0.326605811908554,77.3488155273975,5.94269543685886
2016-03-25,417.96,116.33,-0.126645797988012,-2.89649415692821,77.1242107047505,2.874071453838
2016-04-01,414.83,116.93,-0.748875490477552,0.515774090948162,75.7977709030808,3.40466926070037
2016-04-08,421.6,118.43,1.63199382879735,1.28281878046694,78.6667796753824,4.73116377785638
2016-04-15,424.38,117.92,0.659392789373814,-0.430634129865748,79.8448955375682,4.28015564202333
2016-04-22,441.82,117.89,4.10952448277486,-0.0254409769335107,87.2356655507055,4.25362575168022
2016-04-29,449.98,123.65,1.84690597981079,4.88591059462211,90.6937322541,9.34736469755926
2016-05-06,446.84,123.18,-0.697808791501853,-0.380105135463005,89.3630546255879,8.93172974885037
2016-05-13,454.26,121.71,1.66054963745412,-1.19337554797858,92.5075221426451,7.63176512203746
2016-05-20,452.99,119.71,-0.279575573460134,-1.64325034919069,91.9693181336609,5.86310576582949
2016-05-27,452.05,115.62,-0.207510099560693,-3.41659009272407,91.5709624104758,2.24619738238417
2016-06-03,538.37,118.88,19.095232828227,2.81958138730323,128.151883714031,5.12911213300318
2016-06-10,574.32,121.74,6.67756375726731,2.40578734858681,143.386871212442,7.65829501238061
2016-06-17,693.88,123.95,20.8176626271068,1.81534417611304,194.054328940119,9.61266360099044
2016-06-24,622.08,126.01,-10.3476105378452,1.66196046793061,163.626732211722,11.4343827378847
2016-07-01,635.99,128.41,2.23604681069958,1.90461074517894,169.521549349493,13.5567739653343
2016-07-08,638.5,130.52,0.394660293400828,1.64317420761624,170.585243886935,15.4227095861337
2016-07-15,652.87,126.84,2.25058731401724,-2.81949126570641,176.675001059457,12.168376370711
2016-07-22,664,126.35,1.70478043101996,-0.386313465783672,181.391702335042,11.73505482844
2016-07-29,655.37,128.98,-1.29969879518073,2.0815195884448,177.734457770055,14.0608418818535
2016-08-05,577.44,127.55,-11.8909928742542,-1.10869902310435,144.709073187269,12.7962504421648
2016-08-12,591.5,127.4,2.43488500969797,-0.117600940807516,150.667457727677,12.6636009904492
2016-08-19,570.3,127.97,-3.58410819949282,0.447409733124005,141.683264821799,13.1676689069685
2016-08-26,578.75,126.05,1.48167631071368,-1.50035164491678,145.264228503623,11.4697559250088
2016-09-02,571,126.57,-1.33909287257019,0.412534708449019,141.979912700767,11.9296073576229
2016-09-09,615.33,126.75,7.76357267950964,0.142213794738089,160.766199093105,12.0887866996816
2016-09-16,606.72,125.06,-1.39924918336503,-1.33333333333333,157.117430181803,10.5942695436859
2016-09-23,595.46,127.65,-1.85588080168776,2.07100591715976,152.345637157266,12.8846834099752
2016-09-30,604.13,125.64,1.45601719678903,-1.57461809635723,156.019833029622,11.1071807569862
2016-10-07,608,119.74,0.640590601360636,-4.69595670168736,157.659872017629,5.8896356561726
2016-10-14,634.02,119.36,4.27960526315789,-0.31735426757975,168.686697461542,5.55359037849308
2016-10-21,627.72,120.83,-0.99365950600927,1.23156836461127,166.016866550833,6.85355500530595
2016-10-28,685,121.58,9.12508761868349,0.620706778118008,190.291138704072,7.51680226388396
2016-11-04,741.12,124.39,8.19270072992702,2.31123540055931,214.073822943594,10.0017686593562
2016-11-11,714.48,117.1,-3.59455958549223,-5.86059972666614,202.784252235454,3.55500530597806
2016-11-18,739.42,115.15,3.49065054305229,-1.66524338172501,213.353392380387,1.83056243367525
2016-11-25,735.64,112.61,-0.511211490086816,-2.20581849761181,211.751493833962,-0.415634948708899
2016-12-02,742.05,112.14,0.871350116905001,-0.417369682976643,214.467940839937,-0.831269897417769
2016-12-09,767.28,110.4,3.40004042854256,-1.55163188871054,225.1599779633,-2.37000353731872
2016-12-16,777.09,108.05,1.27854238348453,-2.12862318840581,229.31728609569,-4.44817828086312
2016-12-23,860.18,107.93,10.6924551853711,-0.111059694585836,264.529389329152,-4.5542978422356
2016-12-30,975.89,109.61,13.4518356623032,1.55656443991474,313.565283722507,-3.0686239830209
2017-01-06,999.65,111.75,2.43470063224338,1.95237660797372,323.634360300038,-1.17615847187835
2017-01-13,780.92,114.21,-21.8806582303806,2.20134228187918,230.940373776327,0.999292536257457
2017-01-20,903.1,115.05,15.6456487220202,0.735487260309964,282.718142136712,1.74212946586482
2017-01-27,893.14,113.49,-1.10286789945743,-1.35593220338983,278.497266601687,0.362575168022587
2017-02-03,1008.67,116.13,12.9352621089639,2.32619614062912,327.456880111878,2.69720551821713
2017-02-10,1050.7,117.6,4.16687320927558,1.26582278481013,345.268466330466,3.99717014503003
2017-02-17,1035.2,117.68,-1.47520700485391,0.0680272108843694,338.699834724753,4.06791651927836
2017-02-24,1130.01,119.7,9.15861669242657,1.71651937457511,378.878671017502,5.85426246904841
2017-03-03,1257.6,117.51,11.2910505216768,-1.82957393483709,432.949103699623,3.91758047400066
2017-03-10,1155.11,114.72,-8.14965012722646,-2.37426601991321,389.515616391914,1.45030067209051
2017-03-17,1170.2,116.99,1.30636909038968,1.97873082287308,395.910497097088,3.45772904138657
2017-03-24,1030.2,118.86,-11.9637668774568,1.59842721600136,336.580921303555,5.11142553944104
2017-03-31,1034.74,118.72,0.440691127936321,-0.117785630153122,338.504894690003,4.98761938450647
2017-04-07,1133.53,119.46,9.54732589829328,0.623315363881405,380.370386066025,5.64202334630343
2017-04-14,1174.43,122.6,3.60819740103924,2.62849489368826,397.703097851422,8.41881853554997
2017-04-21,1205,122.31,2.60296484251934,-0.236541598694939,410.658134508624,8.16236292889982
2017-04-28,1330.33,120.77,10.4008298755187,-1.25909574033195,463.770818324363,6.80049522461968
2017-05-05,1501,117.01,12.8291476550931,-3.11335596588556,536.097809043522,3.47541563494866
2017-05-12,1829,116.83,21.8520986009327,-0.153833005726012,675.098529474085,3.31623629288993
2017-05-19,1783.98,119.4,-2.4614543466375,2.19977745442097,656.019833029622,5.58896356561722
2017-05-26,2277.01,120.54,27.6365205887958,0.954773869346726,864.957409840233,6.59709939865576
2017-06-02,2298.01,121.61,0.922262089318893,0.88767214202754,873.856846209263,7.54333215422704
2017-06-09,2809.01,120.54,22.2366308240608,-0.879861853465991,1090.40979785566,6.59709939865579
2017-06-16,2445,119.34,-12.9586580325453,-0.995520159283225,936.148662965631,5.53590378493098
2017-06-23,2713.48,119.43,10.9807770961145,0.075414781297134,1049.92583803026,5.61549345596033
2017-06-30,2558.3,118.02,-5.71885549184073,-1.18060788746547,984.163241089969,4.36858860983369
2017-07-07,2599.67,115.28,1.61708947347847,-2.32164039993221,1001.69513073696,1.94552529182874
2017-07-14,2388,116.77,-8.14218727761601,1.29250520471893,911.993049963978,3.26317651220369
2017-07-21,2840,119.26,18.92797319933,2.13239701978249,1103.54282324024,5.46515741068265
2017-07-28,2516.93,120.69,-11.3757042253521,1.19906087539827,966.631351442979,6.72974885037134
2017-08-04,2790,119.65,10.8493283484245,-0.8617118236805,1082.35368902827,5.81004598514319
2017-08-11,3340.28,122.79,19.7232974910394,2.62432093606353,1315.55282451159,8.58684117438975
2017-08-18,4279.79,122.3,28.1266839905637,-0.399055297662687,1713.70089418146,8.15351963211879
2017-08-25,4133.67,122.74,-3.41418621007106,0.359771054783309,1651.77776836038,8.54262469048453
2017-09-01,4732.87,126.06,14.4955935040775,2.70490467655207,1905.7083527567,11.4785992217898
2017-09-08,4612.12,127.97,-2.55130607855276,1.51515151515151,1854.53659363478,13.1676689069684
2017-09-15,3216.43,125.53,-30.2613548650078,-1.90669688208174,1263.06733906852,11.0099044923947
2017-09-22,3894.48,123.24,21.0808256358758,-1.82426511590855,1550.41318811713,8.98478952953654
2017-09-29,4189.38,121.58,7.57225611634931,-1.3469652710159,1675.38670169937,7.51680226388392
2017-10-06,4211.55,121.09,0.52919525084858,-0.403026813620655,1684.78196380896,7.08348072161296
2017-10-13,5435.75,123.82,29.0676829195902,2.25452143034106,2203.57672585498,9.49770074283684
2017-10-20,5571.92,121.61,2.50508209538702,-1.78484897431755,2261.28321396788,7.54333215422702
2017-10-27,5889.82,120.9,5.70539419087137,-0.583833566318559,2396.00372928762,6.91545808277318
2017-11-03,6751.98,120.62,14.6381383471821,-0.231596360628616,2761.37220833157,6.66784577290407
2017-11-10,7092.42,121.13,5.04207654643527,0.422815453490299,2905.64478535407,7.11885390873709
2017-11-17,7279.78,122.86,2.6416935263281,1.42821761743581,2985.04470907319,8.64874425185702
2017-11-24,8043.31,122.32,10.4883664066771,-0.439524662217161,3308.61550197059,8.17120622568086
2017-12-01,9646.35,121.59,19.9301034027036,-0.596795291039887,3987.95609611391,7.52564556066496
2017-12-08,16860.88,118.48,74.7902574548923,-2.55777613290566,7045.34898504047,4.77538026176151
2017-12-15,16252.31,119.18,-3.60936084000362,0.590817015530054,6787.44755689282,5.39441103643432
2017-12-22,15521.07,120.94,-4.49929886889925,1.47675784527606,6477.56070686951,6.95083126989738
2017-12-29,15422.19,123.65,-0.637069480390196,2.24078055234,6435.65707505191,9.34736469755919
2018-01-05,15169.66,125.33,-1.63744578428875,1.35867367569753,6328.6392338009,10.8330385567739
2018-01-12,14882.86,126.96,-1.89061587405386,1.30056650442831,6207.09835996101,12.2744959320834
2018-01-19,11174.82,126.42,-24.9148349174823,-0.425330812854441,4635.69521549349,11.7969579059073
2018-01-26,11392.03,128.07,1.94374495517602,1.30517323208352,4727.74505233716,13.2561018747789
2018-02-02,9098.27,126.39,-20.1347784372057,-1.3117826188803,3755.68928253591,11.7704280155641
2018-02-09,7585.17,124.77,-16.6306341755081,-1.28174697365299,3114.46370301309,10.3378139370357
2018-02-16,10033.77,127.96,32.2814122821242,2.55670433597819,4152.13798364199,13.1588256101874
2018-02-23,10485.78,126.14,4.50488699661244,-1.42231947483588,4343.69199474509,11.5493455960381
2018-03-02,10931.12,125.39,4.24708510001164,-0.594577453622958,4532.41937534432,10.8860983374602
2018-03-09,9920.46,125.54,-9.24571315656586,0.119626764494773,4104.1191676908,11.0187477891757
2018-03-16,8263.34,124.6,-16.7040641260587,-0.748765333758172,3401.86040598381,10.187477891758
2018-03-23,8909.26,127.61,7.81669397604359,2.41573033707865,3675.5901173878,12.849310222851
2018-03-30,7099.17,125.79,-20.3169511272541,-1.42622051563357,2908.50531847269,11.2398302087017
2018-04-06,6810.71,126.39,-4.0632919059552,0.476985451943701,2786.26096537695,11.7704280155641
2018-04-13,7941.46,127.45,16.6025274897918,0.838673945723545,3265.45323558079,12.7078174743543
2018-04-20,8175.96,126.63,2.95285753501244,-0.643389564535113,3364.83027503496,11.9826671383091
2018-04-27,9294.67,125.5,13.682919192364,-0.892363578930744,3838.92020172055,10.9833746020515
2018-05-04,9220.76,124.54,-0.795186918954627,-0.764940239043821,3807.59842352841,10.1344181110717
2018-05-11,9015.88,125,-2.22194265982415,0.369359242010603,3720.77382718142,10.5412097629995
2018-05-18,8343.27,122.41,-7.4602811927399,-2.07200000000001,3435.73335593507,8.25079589671019
2018-05-25,7576.78,123.21,-9.18692551002186,0.65354137733844,3110.90816629232,8.95825963919337
2018-06-01,7386.72,122.49,-2.50845345912115,-0.584368151935721,3030.36402932576,8.32154227095849
2018-06-08,7687.37,123.01,4.07014209283687,0.424524450975605,3157.77429334237,8.78139370357258
2018-06-15,6299.89,121.34,-18.0488255411148,-1.35761320217869,2569.78429461372,7.30456314113891
2018-06-22,6719.79,120.34,6.66519574151294,-0.824130542277901,2747.73064372589,6.4202334630349
2018-06-29,6143.97,118.65,-8.56901778180568,-1.40435432940003,2503.70809848709,4.92571630703918
2018-07-06,6555.51,118.86,6.69827489392039,0.176991150442474,2678.11162435903,5.111425539441
2018-07-13,6403.18,117.61,-2.32369411380655,-1.05165741208144,2613.55680806882,4.00601344181099
2018-07-20,7473.9,116.56,16.7216914095809,-0.892781226086214,3067.30940373776,3.07746727980181
2018-07-27,8171.65,115.83,9.33582199387202,-0.626286890871652,3363.00377166589,2.4319066147859
2018-08-03,7535.88,114.92,-7.78019127104073,-0.785634118967449,3093.57545450693,1.62716660771127
2018-08-10,6277.59,114.69,-16.6973200210194,-0.200139227288554,2560.33394075518,1.42377078174734
2018-08-17,6312.75,112.13,0.560087549521393,-2.23210393233935,2575.23413993304,-0.840113194198892
2018-08-24,6354.57,114.16,0.662468813116313,1.81039864443058,2592.95673178794,0.95507605235224
2018-08-31,6986.54,113.51,9.94512610609373,-0.569376313945336,2860.77467474679,0.380261761584634
2018-09-07,6695.32,113.23,-4.16830076117792,-0.246674301823624,2737.36068144255,0.132649451715523
2018-09-14,6479.6,113.02,-3.22195205008871,-0.185463216462078,2645.94228079841,-0.0530597806863256
2018-09-21,6389.3,113.49,-1.39360454349035,0.415855600778614,2607.67470441158,0.362575168022545
2018-09-28,6686.08,112.76,4.64495328126711,-0.643228478280011,2733.44492944018,-0.282985496993362
2018-10-05,6483.73,113.8,-3.02643701541113,0.922312876906695,2647.69250328431,0.636717368234784
2018-10-12,6207.79,115.23,-4.25588357319012,1.25659050966609,2530.75390939526,1.9013088079235
2018-10-19,6595.51,116.01,6.24570096604429,0.676907055454312,2695.06293172861,2.59108595684464
2018-10-26,6466.29,116.77,-1.95921164549823,0.655115938281181,2640.30173327118,3.26317651220367
2018-11-02,6338.78,116.65,-1.97191898290984,-0.102766121435294,2586.2652032038,3.15705695083119
2018-11-09,6444.97,114.48,1.67524350111536,-1.86026575225032,2631.26668644319,1.23806154934552
2018-11-16,5756.77,115.62,-10.6780947002081,0.995807127882609,2339.61944314955,2.24619738238407
2018-11-23,4312.31,115.77,-25.0915009632137,0.129735339906589,1727.48230707293,2.37884683409968
2018-11-30,4256.55,115.54,-1.29304247607431,-0.198669776280547,1703.85218459974,2.17545100813577
2018-12-07,3484.94,118.09,-18.1275915941314,2.20702786913622,1376.85722761368,4.43049168730096
2018-12-14,3487.73,117.06,0.08005876715238,-0.872216106359558,1378.03958130271,3.51963211885385
2018-12-21,4135.19,118.72,18.5639370020042,1.41807620023919,1652.42191804043,4.98761938450647
2018-12-28,3848.21,121.06,-6.93994713664909,1.9710242587601,1530.80476331737,7.05695083126983
2019-01-04,3822.87,121.44,-0.658487972329991,0.313893936890786,1520.06611009874,7.39299610894932
2019-01-11,4016.92,121.8,5.07602926597033,0.296442687747045,1602.30113997542,7.71135479306677
2019-01-18,3658.41,121.02,-8.92499726158351,-0.640394088669949,1450.37080984871,7.02157764414567
2019-01-25,3566.4,122.86,-2.51502701993488,1.52040984961164,1411.37856507183,8.64874425185702
2019-02-01,3444.81,124.5,-3.40932032301481,1.3348526778447,1359.85082849515,10.0990449239476
2019-02-08,3405.7,124.21,-1.13533112131003,-0.232931726907637,1343.27668771454,9.8425893172974
2019-02-15,3600.31,124.8,5.71424376780105,0.475002012720394,1425.74903589439,10.3643438273788
2019-02-22,3987.18,125.5,10.7454635850802,0.560897435897445,1589.69784294614,10.9833746020516
2019-03-01,3850.08,121.88,-3.43852045806811,-2.88446215139443,1531.5972369369,7.78210116731508
2019-03-08,3876.85,122.84,0.695310227319945,0.787659993436174,1542.94189939399,8.63105765829492
2019-03-15,3885.21,122.97,0.215638985258648,0.105828720286549,1546.48472263423,8.74602051644845
2019-03-22,4056.4,123.97,4.40619683363319,0.813206473123529,1619.0320803492,9.63035019455245
2019-03-29,4037.37,122.01,-0.469135193767878,-1.58102766798418,1610.96749586812,7.89706402546864
2019-04-05,4959.81,121.98,22.8475467940763,-0.0245881485124166,2001.88159511802,7.87053413512551
2019-04-12,5035.02,121.83,1.51638873263291,-0.122970978848991,2033.75429079968,7.7378846834099
2019-04-19,5220.37,120.37,3.68121675782815,-1.19839120085364,2112.30241132347,6.44676335337809
2019-04-26,5195.61,121.37,-0.474295883241993,0.830771786990114,2101.8095520617,7.33109303148207
2019-05-03,5326.67,120.65,2.52251419948766,-0.593227321413858,2157.35051065813,6.6943756632472
2019-05-10,6146.91,121.43,15.3987387992873,0.646498135101536,2504.95401957876,7.38415281216834
2019-05-17,8206.9,120.65,33.5126104009982,-0.64234538417195,3377.94211128533,6.6943756632472
2019-05-24,7880.29,121.3,-3.97970000852941,0.538748445917947,3239.53044878586,7.26918995401479
2019-05-31,8662.98,123.33,9.93224868627931,1.67353668590273,3571.22091791329,9.06437920056592
2019-06-07,7803.23,126.59,-9.92441400072492,2.64331468418066,3206.87375513836,11.947293951185
2019-06-14,8173.06,126.56,4.73944763899052,-0.0236985543881851,3363.60130525067,11.9207640608419
2019-06-21,9531.35,131.98,16.6191120583967,4.28255372945638,3939.22108742637,16.7138309161655
2019-06-28,12932.55,133.2,35.6843469183274,0.924382482194264,5380.59075306183,17.7927131234524
2019-07-05,11160.49,132.14,-13.7023247542055,-0.795795795795795,4629.62240962834,16.8553236646621
2019-07-12,12099.9,133.53,8.41728275371423,1.05191463599215,5027.72810102979,18.0845419172267
2019-07-19,10638.56,134.47,-12.0772898949578,0.703961656556573,4408.43751324321,18.9158118146445
2019-07-26,9772.17,133.64,-8.14386533515814,-0.617238045660751,4041.27643344493,18.1818181818181
2019-08-02,10407.17,135.89,6.49804495828459,1.6836276563903,4310.37843793702,20.1715599575521
2019-08-09,11960.82,141.26,14.9286501517704,3.95172566046067,4968.78840530576,24.9204103289706
2019-08-16,10302.17,142.78,-13.8673602645972,1.07603001557413,4265.88125609187,26.2645914396887
2019-08-23,10129.4,144.17,-1.67702532573235,0.973525703880096,4192.66432173581,27.4938096922532
2019-08-30,9484.55,143.75,-6.36612237644876,-0.291322743982791,3919.38805780395,27.1223912274496
2019-09-06,10584.16,141.94,11.5936971179444,-1.25913043478261,4385.38373522058,25.5217545100813
2019-09-13,10420.16,140.15,-1.54948526855225,-1.26109623784697,4315.88337500529,23.9388043862752
2019-09-20,10157.59,142.95,-2.51982695083377,1.99785943631823,4204.61075560452,26.4149274849664
2019-09-27,8055.64,141.06,-20.6933928225101,-1.32214060860439,3313.84074246726,24.7435443933499
2019-10-04,8382.03,141.9,4.05169545808899,0.595491280306248,3452.1591727762,25.4863813229572
2019-10-11,8586.9,140.03,2.44415732227157,-1.31782945736434,3538.97953129635,23.8326848249027
2019-10-18,8002.51,140.46,-6.80559922672908,0.307077054916816,3291.32516845361,24.2129465864874
2019-10-25,7431.88,141.86,-7.13063776240205,0.996725046276525,3049.50205534602,25.451008135833
2019-11-01,9164.62,142.56,23.3149620284504,0.493444240800778,3783.80726363521,26.0700389105058
2019-11-08,9204.24,137.39,0.432314705901593,-3.62654320987655,3800.59753358477,21.4980544747082
2019-11-15,8762.42,138.21,-4.80017904791704,0.596841109251045,3613.36186803407,22.2232048107534
2019-11-22,7617.07,137.74,-13.0711607067454,-0.340062224151649,3127.98237064033,21.8075698620446
2019-11-29,7523.83,137.86,-1.22409272856886,0.0871206621170462,3088.46887316184,21.9136894234171
2019-12-06,7395.97,137.62,-1.69940043834057,-0.174089656172938,3034.28401915497,21.7014503006721
2019-12-13,7202.31,139.05,-2.61845302238922,1.03909315506467,2952.21426452515,22.9660417403608
2019-12-20,7150.86,139.52,-0.714354144711915,0.338007910823435,2930.41064542103,23.3816766890697
2019-12-27,7192.72,142.33,0.585384135614464,2.01404816513762,2948.15018858329,25.8666430845419
2020-01-03,6944.33,145.86,-3.4533528345327,2.48015175999439,2842.88680764504,28.988326848249
2020-01-10,8042.65,146.91,15.8160686488113,0.719868366927168,3308.33580539899,29.9168730102582
2020-01-17,8722.03,146.58,8.44721578086827,-0.224627322850712,3596.24528541764,29.6250442164839
2020-01-24,8658.94,147.98,-0.723340781905135,0.955109837631318,3569.50883586896,30.8631057658295
2020-01-31,9502.37,149.33,9.74056870702418,0.912285443978922,3926.9398652371,32.0569508312699
2020-02-07,9614.9,147.79,1.18423088134854,-1.03127301948706,3974.62813069458,30.6950831269897
2020-02-14,10242.43,149,6.52664094270352,0.81872927802964,4240.5644785354,31.7651220374956
2020-02-21,9604.72,154.7,-6.22615922198151,3.82550335570468,3970.31402296902,36.8058012026883
2020-02-28,8804.72,148.38,-8.32923812458874,-4.08532643826761,3631.2878755774,31.2168376370711
2020-03-06,8758.9,157.55,-0.520402693100974,6.18007817765198,3611.87015298555,39.3261407852847
2020-03-13,4830.21,143.28,-44.853691673612,-9.05744208187878,1946.95935924058,26.7067562787407
2020-03-20,5410.23,140.11,12.0081735576714,-2.21245114461194,2192.76179175319,23.903431199151
2020-03-27,6763.75,152.25,25.0177903712042,8.66462065519949,2766.36013052506,34.6391934913335
2020-04-03,6652.87,152.65,-1.63932729624838,0.262725779967155,2719.37110649659,34.9929253625751
2020-04-10,7293.69,158.69,9.63223390807275,3.95676383884702,2990.93952621096,40.3342766183233
2020-04-17,6623.8,158.57,-9.18451428563594,-0.0756191316403032,2707.05174386574,40.2281570569508
2020-04-24,7477.6,162.64,12.8898819408799,2.5666897899981,3068.87739966945,43.8273788468341
2020-05-01,8777.63,159.78,17.3856585000535,-1.75848499754058,3619.80760266135,41.2981959674566
2020-05-08,10002.48,160.42,13.9542222672863,0.400550757291263,4138.87782345213,41.8641669614431
2020-05-15,9305.93,163.93,-6.96377298429989,2.18800648298219,3843.69199474509,44.9681641315882
2020-05-22,9057.57,163.21,-2.66883589281244,-0.43921185872019,3738.44132728736,44.3314467633533
2020-05-29,9197.54,162.91,1.54533721516921,-0.183812266405248,3797.75818960037,44.0661478599221
2020-06-05,9794.56,158.01,6.49108348536673,-3.0077957154257,4050.76492774505,39.7329324372125
2020-06-12,9892.13,162.62,0.996165218243594,2.9175368647554,4092.1134042463,43.8096922532719
2020-06-19,9380.03,164.03,-5.17684260113846,0.867052023121384,3875.09429164724,45.0565970993986
2020-06-26,9276.58,166.54,-1.10287493750021,1.53020788880083,3831.25397296266,47.2762645914396
2020-07-03,9087.98,166.98,-2.03307684513043,0.264200792602387,3751.32855871509,47.6653696498054
2020-07-10,9440.07,169.19,3.87423827957367,1.32351179782011,3900.53820400898,49.6197382384152
2020-07-17,9131,170.12,-3.27402233246151,0.549677876943089,3769.55968979107,50.442164839052
2020-07-24,9537.4,178.7,4.45077209506077,5.04349870679519,3941.78497266601,58.0297134771842
2020-07-31,11114.93,185.43,16.540461761067,3.76608841634025,4610.31487053439,63.9812522108242
2020-08-07,11750.28,190.81,5.71618534709621,2.90136439626814,4879.56519896597,68.7389458790237
2020-08-14,11777.43,182.54,0.231058323716549,-4.33415439442377,4891.07089884307,61.4255394411036
2020-08-21,11734,182.03,-0.36875617176243,-0.279390818450742,4872.66601686655,60.9745313052706
2020-08-28,11302.01,184.39,-3.68152377705812,1.29648958962807,4689.59613510192,63.061549345596
2020-09-04,11397.44,181.64,0.844363082318988,-1.49140408915884,4730.03771665889,60.62964273081
2020-09-11,10352.66,182.45,-9.16679535053486,0.445937018277909,4287.27804381913,61.3459497700743
2020-09-18,10948.43,183.2,5.75475288476586,0.411071526445594,4539.75505360851,62.0091970286522
2020-09-25,10732.43,174.94,-1.97288561008291,-4.50873362445414,4448.21799381277,54.7046338875132
2020-10-02,10777.92,178.54,0.423855548091168,2.05784840516747,4467.49586811883,57.8882207286876
2020-10-09,10923.3,181.08,1.34886879843235,1.42265038646803,4529.10539475357,60.1344181110718
2020-10-16,11431.32,178.3,4.65079234297328,-1.53523304616744,4744.39547400093,57.6759816059427
2020-10-23,12990.25,178.64,13.6373577154694,0.190689848569803,5405.04301394245,57.976653696498
2020-10-30,13289,176.2,2.29980177440774,-1.36587550380654,5531.648090859,55.8188892819242
2020-11-06,15591.39,183.19,17.3255323952141,3.96708286038594,6507.36110522524,62.0003537318712
2020-11-13,15708.65,177.16,0.752081757944612,-3.29166439216114,6557.05386277916,56.6678457729041
2020-11-20,17820.57,175.69,13.4443125284477,-0.8297584104764,7452.04898927829,55.3678811460912
2020-11-27,18739.8,167.79,5.15825251380848,-4.49655643462918,7841.60274611179,48.3816766890696
2020-12-04,19454.54,172.32,3.81402149435961,2.69980332558555,8144.49718184515,52.3876901308807
2020-12-11,18554.15,172.49,-4.62817419481519,0.0986536675951832,7762.92749078272,52.5380261761584
2020-12-18,22847.46,176.44,23.1393515736372,2.28998782538117,9582.3579268551,56.0311284046692
2020-12-25,23253.37,176.35,1.77660886593083,-0.0510088415325294,9754.37555621477,55.9515387336398
2021-01-01,28982.56,178.36,24.6381062185825,1.13977884888008,12182.307072933,57.7290413866289
2021-01-08,36860.41,173.34,27.1813462992917,-2.81453240636914,15520.8034919693,53.2897064025468
2021-01-15,39158.47,171.13,6.23449386482677,-1.27495096342449,16494.6815273128,51.335337813937
2021-01-22,35538.98,173.9,-9.2431854462138,1.61865248641384,14960.8043395347,53.7849310222851
2021-01-29,33403.17,172.61,-6.00976730339476,-0.741805635422654,14055.6850447091,52.6441457375309
2021-02-05,37676.25,169.81,12.7924385619688,-1.6221539887608,15866.5423570793,50.1680226388397
2021-02-12,48013.38,170.69,27.4367273813078,0.518226252870857,20247.2390558122,50.9462327555712
2021-02-19,52118.23,167.01,8.54938769151434,-2.15595524049447,21986.8034072128,47.6918995401485
2021-02-26,46800.42,161.81,-10.2033587863594,-3.1135860128136,19733.207611137,43.0933852140078
2021-03-05,50477.7,159.14,7.85736538261836,-1.65008343118473,21291.5752002373,40.73222497347
2021-03-12,57764,161.49,14.4346909625439,1.47668719366596,24379.3829724117,42.8103997170145
2021-03-19,58913,163.24,1.98912817671906,1.0836584308626,24866.309276603,44.3579766536965
2021-03-26,51415.92,162.24,-12.7256802403544,-0.612594952217593,21689.1765902445,43.4736469755925
2021-04-02,58735.25,161.98,14.2355324965497,-0.160256410256421,24790.9819044794,43.2437212592854
2021-04-09,58048.59,163.27,-1.1690764915447,0.796394616619356,24499.9872865195,44.3845065440396
2021-04-16,62969.12,166.35,8.47657109328583,1.88644576468426,26585.2226978006,47.1082419525999
2021-04-23,51731.71,166.4,-17.8459060568101,0.0300571085061652,21823.0029241005,47.1524584365051
2021-04-30,54884.1,165.66,6.09372858542661,-0.44471153846154,23158.9312200703,46.4980544747081
2021-05-07,56428.16,171.59,2.81331023010307,3.5796209102982,23813.2771114972,51.7421294658648
2021-05-14,49007.09,172.69,-13.1513591795302,0.641062999009256,20668.3561469678,52.7148921117792
2021-05-21,40784.32,176.04,-16.7787354850084,1.93989229254734,17183.6886044836,55.6773965334276
2021-05-28,39266.04,178.38,-3.72270519650689,1.32924335378324,16540.2678306564,57.746727980191
2021-06-04,39188.59,177.16,-0.197244234458083,-0.683933176365059,16507.4458617621,56.6678457729041
2021-06-11,37338.36,175.74,-4.72134873951831,-0.801535335290127,15723.3504259016,55.4120976299964
2021-06-18,38068.04,164.93,1.95423687596348,-6.15113235461477,16032.5761749375,45.8524938096922
2021-06-25,33674.66,166.59,-11.5408620984952,1.00648760080033,14170.7378056533,47.3204810753448
2021-07-02,33536.88,167.29,-0.409150381919243,0.420193288912896,14112.3490274187,47.9395118500177
2021-07-09,33839.04,169.21,0.900978266314589,1.14770757367446,14240.3992032885,49.6374248319773
2021-07-16,31738.59,169.41,-6.20717963630174,0.118196324094311,13350.2648641776,49.8142907675981
2021-07-23,32118.06,168.56,1.19561076909844,-0.501741337583372,13511.077679366,49.0626105412097
2021-07-30,40005.93,169.82,24.5589864394051,0.747508305647826,16853.8204008984,50.1768659356208
2021-08-06,39750.14,164.64,-0.639380211883589,-3.05028854080792,16745.4210280968,45.596038203042
2021-08-13,44417.78,166.39,11.7424492089839,1.06292517006803,18723.4860363605,47.143615139724
2021-08-20,44777.86,166.7,0.810666359282264,0.186309273393825,18876.0817053015,47.4177573399363
2021-08-27,46962.8,170.19,4.87950965052819,2.09358128374326,19802.0214434038,50.5040679165192
2021-09-03,48862.76,171.06,4.04567019002273,0.511193372113516,20607.1915921515,51.2734347364697
2021-09-10,46368.69,167.18,-5.10423479967157,-2.26820998480065,19550.2479128703,47.8422355854262
2021-09-17,48167.85,163.77,3.88011824358203,-2.0397176695777,20312.7007670466,44.8266713830916
2021-09-24,44888.96,163.3,-6.80721684692175,-0.286987848812359,18923.1639615205,44.4110364343827
2021-10-01,41522.38,164.59,-7.49979504982963,0.789957134108987,17496.4656524134,45.5518217191368
2021-10-08,53801.1,164.23,29.5713299671165,-0.218725317455504,22699.9745730389,45.2334630350194
2021-10-15,57406.69,165.33,6.70170312502905,0.669792364367061,24227.9611815061,46.2062256809338
2021-10-22,62354.86,167.77,8.61950061917871,1.47583620637513,26324.9099461796,48.3639900955075
2021-10-29,58538.49,166.65,-6.12040504942197,-0.667580616319963,24707.5984235284,47.373540856031
2021-11-05,61441.83,169.84,4.95971112339932,1.91419141914191,25937.9836419884,50.1945525291828
2021-11-12,64976.73,174.45,5.75324660740086,2.71431935939708,27436.0130525067,54.2713123452422
2021-11-19,56921.34,172.61,-12.397345942155,-1.054743479507,24022.2782557105,52.6441457375309
2021-11-26,57187.54,166.85,0.46766291868745,-3.33700249116506,24135.089206255,47.5504067916519
2021-12-03,56508.48,166.63,-1.18742649185469,-0.131854959544497,23847.3153366953,47.355854262469
2021-12-10,50511.12,166.58,-10.6132035404244,-0.0300066014523148,21305.7380175446,47.3116377785638
2021-12-17,47658.38,167.8,-5.64774647641946,0.732380838035773,20096.7962029071,48.3905199858506
2021-12-24,48628.35,168.97,2.03525591931577,0.697258641239573,20507.852693139,49.4251857092323
2021-12-31,47132.96,170.96,-3.07514032452263,1.17772385630586,19874.132304954,51.1850017686593
2022-01-07,43436.17,167.75,-7.84332237992267,-1.87763219466542,18307.4967156842,48.3463035019454
2022-01-14,42546.44,169.67,-2.04836199876738,1.1445603576751,17930.4445480358,50.0442164839051
2022-01-21,41707.85,171.09,-1.97099921873606,0.836918724583025,17575.0646268593,51.2999646268128
2022-01-28,37146.85,167.1,-10.935591261597,-2.33210590917061,15642.1918040429,47.7714892111779
2022-02-04,36912.68,168.86,-0.630389925390706,1.05326152004788,15542.9546128745,49.3279094446409
2022-02-11,43531.11,173.81,17.9299633621834,2.93142248016107,18347.7306437259,53.7053413512556
2022-02-18,43948.81,177.12,0.959543645912087,1.90437834416892,18524.7446709327,56.6324725857799
2022-02-25,38344.78,176.55,-12.7512667578485,-0.321815718157181,16149.8537949739,56.1284046692606
2022-03-04,43934.85,183.68,14.5784380559753,4.03851600113283,18518.8286646608,62.4336752741421
2022-03-11,39437.89,185.09,-10.2355191835183,0.767639372822293,16613.094884943,63.6805801202687
2022-03-18,41133.08,179.3,4.29837904614065,-3.12820789886001,17331.487053439,58.5603112840466
2022-03-25,44004.47,182.38,6.98073181001764,1.71779141104293,18548.3324151375,61.2840466926069
2022-04-01,47064.16,179.5,6.95313453383259,-1.57912051760061,19844.9760562783,58.7371772196674
2022-04-08,43464.32,181.47,-7.64879262691611,1.09749303621169,18319.4261982455,60.4793066855323
2022-04-15,41148.06,184.04,-5.32910672478024,1.41621204606821,17337.8353180489,62.7520339582595
2022-04-22,40514.01,180.29,-1.54089889049446,-2.03760052162574,17069.1359071068,59.4357976653695
2022-04-29,39249.28,176.91,-3.12171024295054,-1.87475733540406,16533.1652328686,56.446763353378
2022-05-06,36549.9,175.42,-6.87752743489817,-0.842236165281784,15389.2147306861,55.1291121330031
2022-05-13,28907.15,168.79,-20.9104539273705,-3.77950062706647,12150.3496207145,49.2660063671736
2022-05-20,30289.87,172.03,4.78331485462937,1.91954499674152,12736.3224138662,52.1312345242305
2022-05-27,29518.59,172.85,-2.54632984558864,0.476661047491711,12409.4673051659,52.8563848602758
2022-06-03,30429.88,172.58,3.08717320170104,-0.156204801851301,12795.6562274865,52.6176158471877
2022-06-10,30189.25,174.54,-0.790768810130049,1.13570518020627,12693.681400178,54.3509020162716
2022-06-17,20350.48,171.27,-32.5903094644617,-1.87349604675145,8524.18103996271,51.4591439688715
2022-06-24,19953.71,170.09,-1.94968374210338,-0.688970631167163,8356.03678433699,50.4156349487088
2022-07-01,19865.7,168.32,-0.441070858501991,-1.0406255511788,8318.73967029707,48.8503714184647
2022-07-08,20545.61,162.3,3.4225323044242,-3.57652091254752,8606.87375513837,43.5267067562786
2022-07-15,20568.9,159.01,0.113357549374293,-2.0271102895872,8616.7436538543,40.6172621153165
2022-07-22,23227.22,160.67,12.9239774611185,1.04395949940255,9743.29363902191,42.0852493809691
2022-07-29,23856.25,164.1,2.7081587895581,2.13481048111035,10009.8656608891,45.1185001768658
2022-08-05,22831.85,165.29,-4.29405292114227,0.725167580743458,9575.74267915413,46.1708524938096
2022-08-12,23953.77,167.87,4.9138374682735,1.56089297598161,10051.1929482561,48.4524230633179
2022-08-19,23332.09,162.72,-2.5953325927401,-3.06785012211831,9787.73572911811,43.8981252210823
2022-08-26,21597.93,161.76,-7.43251033233628,-0.589970501474935,9052.8287494173,43.0491687301025
2022-09-02,20047.68,159.26,-7.17777120307362,-1.54549950544016,8395.85964317498,40.8383445348425
2022-09-09,19327.53,159.82,-3.59218622803238,0.351626271505712,8090.67254311989,41.3335691545807
2022-09-16,20219.55,155.84,4.61528193204201,-2.49030158928795,8468.69517311523,37.8139370357268
2022-09-23,19408.63,153.01,-4.01057392474114,-1.81596509240247,8125.04131881171,35.3112840466925
2022-09-30,19530.71,154.67,0.628998543431436,1.0848964119992,8176.77670890367,36.7792713123451
2022-10-07,19956.49,157.88,2.18005387412952,2.07538630632962,8357.21490019918,39.6179695790589
2022-10-14,19156.21,152.98,-4.010124024816,-3.10362300481378,8018.07009365597,35.2847541563494
2022-10-21,19046.83,154.15,-0.570989773029207,0.764805856974782,7971.71674365385,36.319419879731
2022-10-28,20772.36,153.16,9.05940778596752,-0.642231592604614,8702.96647878967,35.4439334984081
2022-11-04,20208.16,156.47,-2.71610929138528,2.16113867850614,8463.86828834174,38.3710647329323
2022-11-11,15856.95,164.56,-21.5319455111203,5.17032018917365,6619.90083485189,45.5252918287936
2022-11-18,16682.44,162.79,5.20585610725894,-1.07559552746719,6969.72920286477,43.9600282985496
2022-11-25,16606.77,163.22,-0.453590721740937,0.264143989188526,6937.66156714837,44.3402900601343
2022-12-02,16971.57,167.26,2.19669448062447,2.47518686435486,7092.25749035894,47.9129819596744
2022-12-09,16836.05,167.06,-0.798511864252982,-0.119574315437032,7034.8264609908,47.7361160240536
2022-12-16,17357.47,166.79,3.09704473436467,-0.161618580150846,7255.79522820697,47.4973470109656
2022-12-23,16813.62,167.26,-3.13323312671722,0.281791474309001,7025.32101538331,47.9129819596744
2022-12-30,16630.49,169.64,-1.08917651285088,1.42293435370082,6947.71369241853,50.0176865935619
2023-01-06,16850.63,173.71,1.32371325198475,2.39919830228721,7041.00521252702,53.6169083834452
2023-01-13,18859.32,178.76,11.920563207429,2.90714409072592,7892.2532525321,58.0827732578704
2023-01-20,20672.78,179.29,9.61572315438732,0.296486909823224,8660.7661990931,58.5514679872655
2023-01-27,23008.29,179.22,11.2975129614885,-0.0390428914049834,9650.51489596135,58.4895649097982
2023-02-03,23722.02,173.46,3.10205582422682,-3.21392701707398,9952.98131118362,53.3958259639192
2023-02-10,21794.05,173.36,-8.12734328695449,-0.0576501787155514,9135.94100945035,53.3073929961088
2023-02-17,24340.73,171.26,11.6852076598888,-1.21135209967699,10215.1798957495,51.4503006720904
2023-02-24,23946.39,168.35,-1.62008288165556,-1.69917085133715,10048.0654320464,48.8769013088078
2023-03-03,23641.68,172.49,-1.27246737399667,2.45916245916247,9918.93461033182,52.5380261761584
2023-03-10,20363.36,173.87,-13.8666964445843,0.800046379500263,8529.63936093571,53.7584011319419
2023-03-17,24376.39,183.77,19.7071112036521,5.69390924253752,10230.2919862694,62.5132649451714
2023-03-24,28332.42,183.65,16.2289412008915,-0.0652990150731947,11906.7889986015,62.4071453837989
2023-03-31,28355.92,183.22,0.0829438501899871,-0.234141029131507,11916.7478916811,62.0268836222142
2023-04-07,28039.94,186.49,-1.11433520760391,1.78473965724266,11782.8410391151,64.9186416696143
2023-04-14,29899.24,186.36,6.63089863958342,-0.0697088315727346,12570.7801839217,64.8036788114608
2023-04-21,28243.02,184.25,-5.53933812364462,-1.13221721399442,11868.9028266305,62.9377431906613
2023-04-28,28429.72,184.8,0.661048287329047,0.298507462686581,11948.023053778,63.4241245136186
2023-05-05,28851.84,187.46,1.48478423283802,1.43939393939394,12126.9102004492,65.7764414573751
2023-05-12,27617.14,186.81,-4.27944976819503,-0.346740638002774,11603.6657202187,65.2016271666076
2023-05-19,26833.27,183.64,-2.83834604162487,-1.6969113002516,11271.4751875238,62.3983020870179
2023-05-26,26327.38,180.92,-1.88530879762324,-1.48115878893487,11057.0877653939,59.992925362575
2023-06-02,26814.77,181.05,1.85126662812631,0.0718549635198018,11263.6352078654,60.1078882207286
2023-06-09,26352.2,182.04,-1.72505675044015,0.546810273405129,11067.6060516167,60.9833746020515
2023-06-16,25575.69,181.63,-2.94666099984063,-0.225225225225223,10738.5345594779,60.6207994340289
2023-06-23,29992.98,178.2,17.2714401840185,-1.88845455045973,12610.5055727423,57.5875486381321
2023-06-30,30449.16,178.27,1.52095590368146,0.0392817059483797,12803.8267576387,57.6494517155994
2023-07-07,30502.55,178.64,0.175341454411226,0.207550344982321,12826.4525151502,57.9766536964979
2023-07-14,31485.37,181.43,3.22209126777926,1.56180026869683,13242.9546128745,60.4439334984081
2023-07-21,29912.48,182.18,-4.99562177608204,0.413382571790777,12576.391066661,61.1071807569861
2023-07-28,29213.94,181.86,-2.33527945526416,-0.175650455593368,12280.3619104123,60.8241952599928
2023-08-04,29152.45,180.19,-0.210481708389887,-0.918288793577482,12254.3035131585,59.3473646975592
2023-08-11,29433.98,177.6,0.965716432066599,-1.43737166324436,12373.6110522524,57.0569508312698
2023-08-18,28701.48,175.33,-2.48862029531854,-1.27815315315314,12063.190236047,55.0495224619737
2023-08-25,26165.4,177.62,-8.83606002199189,1.30610848114983,10988.4434462008,57.0746374248319
2023-09-01,27301.12,180.11,4.34054132556734,1.4018691588785,11469.7419163453,59.2766183233108
2023-09-08,26243.47,178.08,-3.87401689014956,-1.12708900116596,11021.5281603594,57.4814290767597
2023-09-15,26227.98,178.34,-0.0590242067836311,0.146001796945194,11014.9637665805,57.7113547930667
2023-09-22,26569.6,178.62,1.30250213703076,0.157003476505557,11159.7364071704,57.9589671029359
2023-09-29,26357.65,171.45,-0.797716186920383,-4.01410816257979,11069.9156672458,51.6183233109302
2023-10-06,27416.69,169.7,4.0179606300258,-1.02070574511519,11518.7184811629,50.0707463742482
2023-10-13,26867.79,178.83,-2.00206516541566,5.38008249852682,11286.1041657838,58.1446763353377
2023-10-20,28723.49,183.59,6.90678317792419,2.66174579209304,12072.5176929271,62.3540856031127
2023-10-27,34493.19,186.15,20.0870437401583,1.3944114603192,14517.6166461838,64.617969579059
2023-11-03,34934.65,184.79,1.27984683353439,-0.73059360730594,14704.6997499682,63.4152812168375
2023-11-10,35629.52,179.51,1.98905671017169,-2.85729747280697,14999.1736237657,58.7460205164484
2023-11-17,36155.5,183.67,1.47624778554414,2.31741964235976,15222.074840022,62.424831977361
2023-11-24,37427.42,185.52,3.5179156698151,1.00724124789024,15761.09251176,64.0608418818534
2023-12-01,37711.79,192.01,0.759790549281791,3.49827511858558,15881.6035936772,69.8001414927484
2023-12-08,43745.3,185.64,15.9990019036487,-3.3175355450237,18438.5006568632,64.1669614432259
2023-12-15,43023.24,187,-1.65060017876207,0.73260073260073,18132.5041318812,65.3696498054473
2023-12-22,43639.9,190.27,1.43331836467919,1.74866310160429,18393.8339619443,68.2614078528474
2023-12-29,42609.23,191.17,-2.36176068231136,0.473012035528453,17957.0538627792,69.057304563141
2024-01-05,42854.95,189.35,0.576682563848241,-0.952032222629073,18061.1857439505,67.4478245489917
2024-01-12,46355.63,189.71,8.16867129701471,0.190124108793244,19544.7133110141,67.7661832331092
2024-01-19,42742.78,187.93,-7.79376744529198,-0.938274208001688,18013.6500402594,66.1920764060841
2024-01-26,39925.5,187.01,-6.59124184248193,-0.489543979141183,16819.735559605,65.3784931022283
2024-02-02,42557.22,188.61,6.59157681181199,0.85556922089729,17935.0129253719,66.7934205871948
2024-02-09,45312.45,187.6,6.47417758960758,-0.535496527225499,19102.6316904691,65.9002476123097
2024-02-16,51821.86,186.34,14.3656103344666,-0.671641791044775,21861.2069330847,64.7859922178987
2024-02-23,51303.43,188.62,-1.00040793595598,1.22356981861114,21641.5052760944,66.8022638839758
2024-03-01,62498.79,192.89,21.8218547960633,2.26381083660268,26385.9049879222,70.5783516094798
2024-03-08,66937,201.63,7.10127348065459,4.5310798900928,28266.7415349409,78.3073929961088
2024-03-15,73094.37,199.71,9.19875405231785,-0.952239250111586,30876.1283213968,76.6094800141491
2024-03-22,65493.16,200.35,-10.3991730142828,0.320464673776977,27654.8671441285,77.1754510081357
2024-03-29,69446.79,205.72,6.03670673395511,2.68030945844773,29330.3470780184,81.9243013795541
2024-04-05,68526.59,215.14,-1.32504324533934,4.57903947112579,28940.3822519812,90.2546869472937
2024-04-12,70561.73,216.89,2.96985447546712,0.813423817049364,29802.8393439844,91.8022638839757
2024-04-19,63507.69,221.03,-9.99697711493184,1.90880169671264,26813.4593380514,95.4633887513263
2024-04-26,64271.73,216.62,1.20306690418122,-1.99520427091345,27137.2462601178,91.5634948708877
2024-05-03,59120.4,212.96,-8.0149235130282,-1.68959468193149,24954.2018053142,88.3268482490271
2024-05-10,61182.24,218.71,3.48752714798952,2.70003756574004,25827.9738949867,93.411743898125
2024-05-17,65231.59,223.66,6.61850563169966,2.26327099812536,27544.018307412,97.7891758047398
2024-05-24,69133.73,215.92,5.98197897675037,-3.46060985424305,29197.6776708904,90.9444640962149
2024-05-31,68352.44,215.3,-1.1301140557583,-0.287143386439415,28866.5804975209,90.3961796957904
2024-06-07,71083.68,211.6,3.99581931530169,-1.71853228053879,30024.0327160232,87.1241598868056
2024-06-14,66757.59,215.73,-6.08591170293941,1.95179584120984,28190.7106835615,90.7764414573751
2024-06-21,64960.21,214.78,-2.69239797302449,-0.440365271404064,27429.012162563,89.9363282631763
2024-06-28,61616.04,215.01,-5.14802830840602,0.107086320886474,26011.8108234098,90.1397240891402
2024-07-05,60145.84,220.93,-2.38606700463062,2.75336030882285,25388.7655210408,95.3749557835159
2024-07-12,57351.64,223.11,-4.64570783282767,0.986737880776722,24204.6319447387,97.3027944817826
2024-07-19,64104.91,221.73,11.7751994537558,-0.618528976737942,27066.550832733,96.0824195259991
2024-07-26,65790.91,220.63,2.630063750187,-0.496098858972627,27781.0484383608,95.1096568800847
2024-08-02,64621.73,225.34,-1.77711480202964,2.13479581199294,27285.5701996016,99.2748496639545
2024-08-09,61698.9,224.56,-4.52298321323183,-0.346143605218785,26046.9254566258,98.5850725150334
2024-08-16,58727.43,231.99,-4.81608262059777,3.30869255432846,24787.6679238886,105.155642023346
2024-08-23,60382.01,232.02,2.81738873981034,0.0129315918789619,25488.8502775777,105.182171913689
2024-08-30,59024.11,231.29,-2.24884862229661,-0.314628049306098,24913.3957706488,104.536611248673
2024-09-06,56165.32,230.63,-4.84342754172828,-0.285356046521679,23701.8900707717,103.952953661125
2024-09-13,57345.38,238.68,2.10104740790225,3.49043923166978,24201.9790651354,111.071807569862
2024-09-20,62938.2,242.21,9.75286936802931,1.47896765543825,26572.1193372039,114.193491333569
2024-09-27,63138.8,245.02,0.318725352806415,1.16015028281244,26657.1301436623,116.678457729041
2024-10-04,60754.15,245,-3.77683769726381,-0.00816259897151728,25646.5567656906,116.660771135479
2024-10-11,60574.02,245.47,-0.296490034014141,0.191836734693873,25570.2207907785,117.076406084188
2024-10-18,67401.64,251.27,11.2715319207806,2.36281419318043,28463.6479213459,122.205518217191
2024-10-25,66655.68,253.32,-1.10673864908926,0.815855454292191,28147.5229902106,124.018394057304
2024-11-01,70219.02,252.47,5.34589100283729,-0.335543975998731,29657.6047802687,123.266713830916
2024-11-08,75642.59,247.96,7.72379050576324,-1.78635085356675,31956.0198330296,119.278386982667
2024-11-15,87292.03,236.59,15.400636070235,-4.58541700274238,36892.8507861169,109.223558542625
2024-11-22,94354.43,249.84,8.09054389043307,5.6004057652479,39885.7736152901,120.940926777502
2024-11-29,95651.51,245.59,1.374689031559,-1.70108869676593,40435.4536593635,117.18252564556
2024-12-06,98768.81,242.95,3.25901807509363,-1.07496233559999,41756.5114209434,114.847895295366
2024-12-13,100040.86,244.29,1.28790657698519,0.551553817657946,42295.5841844302,116.032897064025
2024-12-20,100157.34,242.1,0.116432425710844,-0.896475500429816,42344.9463914905,114.096215068978
2024-12-27,95685.77,241.4,-4.46454548413525,-0.289136720363481,40449.9724541255,113.477184294305
2025-01-03,94409.13,243.49,-1.33420047724965,0.865782932891457,39908.954528118,115.325433321542
2025-01-10,92493.26,248.21,-2.02932703648472,1.93847796624091,39097.041996864,119.499469402193
2025-01-17,100511.85,249.27,8.66937763897608,0.427057733370928,42495.1815908802,120.436858860983
2025-01-24,103950.37,255.65,3.42100956255407,2.55947366309623,43952.3668262915,126.078882207287
2025-01-31,103704.56,258.56,-0.236468614782226,1.1382749853315,43848.1968046786,128.652281570569
2025-02-07,96564.45,263.9,-6.88504922059358,2.06528465346534,40822.3418231131,133.374602051645
2025-02-14,97877.16,266.29,1.35941332446878,0.905646078059896,41378.6455905412,135.488149982313
2025-02-21,98331,270.74,0.463683253580305,1.67111044350143,41570.9751239565,139.423417049876
2025-02-28,84115.7,263.27,-14.4565803256348,-2.759104676073,35546.7771326864,132.817474354439
2025-03-07,89920.13,268.39,6.90053105425028,1.94477152732937,38006.5940585668,137.345242306331
2025-03-14,83703.69,275.24,-6.91329071699518,2.55225604530722,35372.1744289529,143.402900601344
2025-03-21,84174.28,278.49,0.562209384078516,1.18078767620986,35571.6023223291,146.276972055182
2025-03-28,86907.02,284.06,3.24652613601211,2.00007181586412,36729.6902148578,151.202688362221
2025-04-04,83102.81,279.72,-4.37733338457584,-1.52784622966978,35117.531889647,147.36469755925
2025-04-11,82575.64,297.93,-0.634358814100267,6.5100815100815,34894.1263719965,163.468340997524
2025-04-18,84915.2,306.12,2.83323265796063,2.7489678783607,35885.5913887359,170.711001061195
2025-04-25,93708.71,304.73,10.3556371533012,-0.454070299229059,39612.128660423,169.481782808631
2025-05-02,93782.18,297.98,0.0784025305651914,-2.21507564073113,39643.263974234,163.512557481429
